title,url,score,content,source
[D] Self-Promotion Thread,https://old.reddit.com/r/MachineLearning/comments/1n67lft/d_selfpromotion_thread/,0,,MachineLearning
[D] Monthly Who's Hiring and Who wants to be Hired?,https://old.reddit.com/r/MachineLearning/comments/1nuwj5t/d_monthly_whos_hiring_and_who_wants_to_be_hired/,0,,MachineLearning
[D] Looking for travel grant sources for NeurIPS 2025 â€” any leads?,https://old.reddit.com/r/MachineLearning/comments/1nv12y8/d_looking_for_travel_grant_sources_for_neurips/,0,,MachineLearning
"Save 40% on Creative Cloud Pro for the first year. Create your best work faster with world-class apps, time-saving AI, and cloud storage. Terms apply.",https://alb.reddit.com/cr?za=epQu_Eb4VKbVJvzv0DuJ2XCjTY_AH9mcMldyHX5p0M_gRE_t_2BocLC3I_TVL8aqAkl01F5PDWV2JAJLLFQx-3oC8-XkwWckUxXIcGIgvGmyBwUtuAI4f1_mgPlDgixLZ3TJ0XUMhJywyds9Cbko6OMWLuRP0CVCsvI7Qw3eXFdfobckWxSLJYpnF5EQxrZeXJwQ-D_ylVJSITIaDnRWuugdx9I_jNiFo2pEEZuTRQ5hJBrII7fudvQc6qXHbVILEixjyQkDSS0VQ-oBzcwHZZ8guD47_JREA2bUrSO_AjWZ8WqKHEfpB0hWymdKYQThYbXE7kyIRGsXcpM6rxEh2_HHyKDyY_ZRBVjyhnmAxYROpVbzV9gOvuM0hajeDvVOlyDsDFyHrhOhQehdcPaIJ1OAKuquP3RQ1m-Xi4PN2OF71hgZZ2k_YAUfr4x5i_SPmaMgvqbYpg4q0TZIbR50fV23aaXy-JUeEM0UA7Toz65aw-Uz615NhoCcq1o6Es1ZtpdQ9f-Df2NI_xkSKxAajjDzlIJr27O_Z4WS8CIgvsYAoTsh_NZWODvfRxh1Ju5ojrRerEImR2_sNVONjYH7pqSaNOnrJFZCpz6pQn-JSkq976-QiPu44pFWcrsQ_oeHobYUilAk6EPVZgphQgQKlqR5OPR0E9YzsQmfJZkl8QQti2-1fzbmxKUfvXJXUR28gEYey5Dwv_Owkh-q8S8pXcKhEqfIi-cOLpz3lDvspYku0WrCzE59R_kESpCThAHudwaEWeBX2JfGz0M6cJCzt_TIHnFSJmE_KkHFZN1LyMNu3ogaxyjkIU8H7V3yePLfbrGRUdKJCPrrk_lzPuYhCJ8oy-FdNJLU&zp=vIZhICQZAHC3sp2uRp-ROgiMltj7MFNDei0VPIzYNK6jcUf75Y43XrLZvJ-gT-mvrRHhR5wO6oO-SxCZnjTANBg21QjfzEHIE91A2Bu0n_AHdYzzGVXWZizFhcXpp0DGBl03tPS0e8EX1suiWefVfS_snKQp8h4BfgScp7x0D3Z6EDNEjv4WEmw2CXxiyif9Yaswg7Cuj0OTtVS8q-ueDEmLXKKcPtmurh-lsc5xYu4zlLpb1mYNpQ8GutCLZTf--sUhHwlJJMzAqxSGQ54IqxUpM7SksZWQeJeLAYhDEGV5s2hhX9ZO_KeSpv30ksVOpLkrG-lhZ05HXzUQi1g,0,,MachineLearning
[D] Is it normal for a CV/ML researcher with ~600 citations and h-index 10 to have ZERO public code at all?,https://old.reddit.com/r/MachineLearning/comments/1nuddci/d_is_it_normal_for_a_cvml_researcher_with_600/,0,,MachineLearning
[D] Student Travel Grant for EMNLP,https://old.reddit.com/r/MachineLearning/comments/1nuxgrx/d_student_travel_grant_for_emnlp/,0,,MachineLearning
[D] Looking for a paper I saw once about training task solving models that output human readable explanations,https://old.reddit.com/r/MachineLearning/comments/1nv21af/d_looking_for_a_paper_i_saw_once_about_training/,0,,MachineLearning
[R] A Predictive Approach To Enhance Time-Series Forecasting,https://old.reddit.com/r/MachineLearning/comments/1nu1yfz/r_a_predictive_approach_to_enhance_timeseries/,0,,MachineLearning
[D] How To Pitch MetaHeuritsic Techniques to Stakeholders,https://old.reddit.com/r/MachineLearning/comments/1nu4no7/d_how_to_pitch_metaheuritsic_techniques_to/,0,,MachineLearning
[R] No Prompt Left Behind: Exploiting Zero-Variance Prompts in LLM Reinforcement Learning via Entropy-Guided Advantage Shaping,https://old.reddit.com/r/MachineLearning/comments/1ntm0pf/r_no_prompt_left_behind_exploiting_zerovariance/,0,,MachineLearning
"Weekly Entering & Transitioning - Thread 29 Sep, 2025 - 06 Oct, 2025",https://old.reddit.com/r/datascience/comments/1nt8d65/weekly_entering_transitioning_thread_29_sep_2025/,0,,DataScience
"For data scientists in insurance and banking, how many data scientists/ML engineers work in your company, how are their teams organised, and roughly what do they work on?",https://old.reddit.com/r/datascience/comments/1nv0lfh/for_data_scientists_in_insurance_and_banking_how/,0,,DataScience
"Students save 70% on Creative Cloud Pro for the first year. Create your best work, faster, with professional apps and time-saving generative AI.",https://alb.reddit.com/cr?za=kFH9wu-4wZcL94kztOC76FqJ_dVV4Oy1qzoWfn86hWp_7KgrLXiyZxvTRe4lXZujLKHo6CWR8-F-YR8Iix20CXojkoKQCV32exRzSQ0mZDs3q_eILdCSUjxsD_bSvD_rYfzXFF-Hb5vf1laOy7FYNiQ7uImZRoNDvizmDoIS8WC--baq8uMbGQ6eKV-D8lhZsAL4AZlC0uhWRIxLFzvVFcRGxfG9Af4PzQh4LUJ12z-bLsxQQG5-2n87qPl_4d6uJ-B7AKo2kq_3ifVQsrokvxWc02J_q1cUZHDjG0KlkQoscmsW_cFDlZN_C41yV6mK5TbbTtFp4KDcAJOqVFnPExdgr_WpWmokiw2xyS7cD4lepNbkegE1Xi7GlRfEvI8c4W9_16bZDSCN5UVzsGw-RHlZEXE-n0jC7EEK-8usbp3CEfcwdGwy_l4JdGE-HrLbrpLDEvu5pG14A8WjocbkkyV-F7QuCF4mxZaYGHE0r8WvC0ZxP0O2QDNEX6V9QmFmlKMZmGWWgcD81PSIWslV2nAuV-BWxphT8nmBuvoxjBSPrJCF7aacj7GcWgHwIgnoDIpRB857bJ3g6o7xpWsyIhrAvKjn2_2e3u8VLYc0NoZQbwcUDrI_nMzQggYv6HLbPH8N8rqtIm6Efokb8Uxwy_NKOMvkoe8Hqg1Gda66BGQ2TgUT4ZzBkZtcDxeD9D9LxT59OeDREWKJ5dsm8ZmpPTlnJsytMJSSPcosJGnNVbdW1dvJGDQUlGzMoDN1X452qk-43GUGPBgQKSJXfXosx9QUa8jHmSyCczCkhQBa9lmd3tHjlonVXAxbki2Dzf64YAEwSOhU_0QbaywXqY53C3XrBSTB&zp=d_US99QosiAPhzsDw4dzjrtWnU6hOMxNmMkVuSyf6s2A0LAeb4EXH8WIv8FzCau1XTSumYlJJSBGsr2-f1f9McGdg-d_f94DCA2ekG5OA6_qGSi_4qffFNqASCF6ytgNPKriMbVrMGHxfrE5HtYq4z-Lq9gmHA6M8C1m68vDIXTtzDHVWBWZqztjAaz8q6RR8fcozxwQCbVQiI7pSLXCFtkvAzHpHgFWIcyZHJYARqXoa7ggg3bpo4KRVhplLi4LM5wU0gnEyr6-ALeRc44yOo0u1xyVnn6-m-I6lAKvmLxom5R6Ggh4UhnuLSKFQC92tff4y5mX_apv1HrH0-8,0,,DataScience
Distance Correlation & Matrix Association. Good stuff?,https://old.reddit.com/r/AskStatistics/comments/1nurfk1/distance_correlation_matrix_association_good_stuff/,0,,DataScience
Weekend Project - Poker Agents Video/Code,https://i.redd.it/hqdrczgwxasf1.jpeg,0,,DataScience
This has to be bait right?,https://i.redd.it/o7gh03w4s4sf1.jpeg,0,,DataScience
Career advice,https://old.reddit.com/r/datascience/comments/1ntlgy5/career_advice/,0,,DataScience
What a Drunk Man Can Teach Us About Time Series Forecasting,https://old.reddit.com/r/datascience/comments/1nt8wl0/what_a_drunk_man_can_teach_us_about_time_series/,0,,DataScience
What interesting projects are you working on that are not related to AI?,https://old.reddit.com/r/datascience/comments/1nt6q59/what_interesting_projects_are_you_working_on_that/,0,,DataScience
Relationship between ROC AUC and Gain curve?,https://old.reddit.com/r/datascience/comments/1nso6sy/relationship_between_roc_auc_and_gain_curve/,0,,DataScience
